{
    "loss": 10.216413497924805,
    "accuracy": 0.5467625856399536
}